Date,Source,Party,District,Candidate,Speech
24-Apr-25,https://www.youtube.com/watch?v=Q_8CkF9ZiFc,PAP,Marsiling - Yew Tee GRC,Hany Soh,UTGRC friends from Sambawang GRC and Sambawang West
24-Apr-25,https://www.youtube.com/watch?v=Q_8CkF9ZiFc,PAP,Marsiling - Yew Tee GRC,Hany Soh,SMC ladies and gentlemen good evening
24-Apr-25,https://www.youtube.com/watch?v=Q_8CkF9ZiFc,PAP,Marsiling - Yew Tee GRC,Hany Soh,let me begin my speech tonight by saying a few words first in Malay followed by
24-Apr-25,https://www.youtube.com/watch?v=Q_8CkF9ZiFc,PAP,Marsiling - Yew Tee GRC,Hany Soh,Mandarin and in English
24-Apr-25,https://www.youtube.com/watch?v=Q_8CkF9ZiFc,PAP,Marsiling - Yew Tee GRC,Hany Soh,say bahasa tapi
24-Apr-25,https://www.youtube.com/watch?v=Q_8CkF9ZiFc,PAP,Marsiling - Yew Tee GRC,Hany Soh,sid bahanti kana s
24-Apr-25,https://www.youtube.com/watch?v=Q_8CkF9ZiFc,PAP,Marsiling - Yew Tee GRC,Hany Soh,mahan and samoa
24-Apr-25,https://www.youtube.com/watch?v=Q_8CkF9ZiFc,PAP,Marsiling - Yew Tee GRC,Hany Soh,saya dalan Ramadan busu 967 kin
24-Apr-25,https://www.youtube.com/watch?v=Q_8CkF9ZiFc,PAP,Marsiling - Yew Tee GRC,Hany Soh,Woodland Health Campusing Mallen
24-Apr-25,https://www.youtube.com/watch?v=Q_8CkF9ZiFc,PAP,Marsiling - Yew Tee GRC,Hany Soh,Stadium Sa
24-Apr-25,https://www.youtube.com/watch?v=Q_8CkF9ZiFc,PAP,Marsiling - Yew Tee GRC,Hany Soh,Magus Burkin Sapoi Unu and
24-Apr-25,https://www.youtube.com/watch?v=Q_8CkF9ZiFc,PAP,Marsiling - Yew Tee GRC,Hany Soh,Master Sama Itula Janji
24-Apr-25,https://www.youtube.com/watch?v=Q_8CkF9ZiFc,PAP,Marsiling - Yew Tee GRC,Hany Soh,Serila Sang Ini [Music]
24-Apr-25,https://www.youtube.com/watch?v=Q_8CkF9ZiFc,PAP,Marsiling - Yew Tee GRC,Hany Soh,[Applause]
24-Apr-25,https://www.youtube.com/watch?v=Q_8CkF9ZiFc,PAP,Marsiling - Yew Tee GRC,Hany Soh,Fore e cuff
24-Apr-25,https://www.youtube.com/watch?v=Q_8CkF9ZiFc,PAP,Marsiling - Yew Tee GRC,Hany Soh,[Applause]
24-Apr-25,https://www.youtube.com/watch?v=Q_8CkF9ZiFc,PAP,Marsiling - Yew Tee GRC,Hany Soh,foreign speech
24-Apr-25,https://www.youtube.com/watch?v=Q_8CkF9ZiFc,PAP,Marsiling - Yew Tee GRC,Hany Soh,fore growth
24-Apr-25,https://www.youtube.com/watch?v=Q_8CkF9ZiFc,PAP,Marsiling - Yew Tee GRC,Hany Soh,forming
24-Apr-25,https://www.youtube.com/watch?v=Q_8CkF9ZiFc,PAP,Marsiling - Yew Tee GRC,Hany Soh,to my dearest Worth residents good evening tonight I stand here feeling
24-Apr-25,https://www.youtube.com/watch?v=Q_8CkF9ZiFc,PAP,Marsiling - Yew Tee GRC,Hany Soh,very grateful grateful for your trust your partnership and your belief in me
24-Apr-25,https://www.youtube.com/watch?v=Q_8CkF9ZiFc,PAP,Marsiling - Yew Tee GRC,Hany Soh,in PAP and in what we have achieved together today and thus
24-Apr-25,https://www.youtube.com/watch?v=Q_8CkF9ZiFc,PAP,Marsiling - Yew Tee GRC,Hany Soh,far for the past five years we have welcome many changes in Woodrove you
24-Apr-25,https://www.youtube.com/watch?v=Q_8CkF9ZiFc,PAP,Marsiling - Yew Tee GRC,Hany Soh,have empowered me to ensure that essentials of providing a better home for you through improvement projects
24-Apr-25,https://www.youtube.com/watch?v=Q_8CkF9ZiFc,PAP,Marsiling - Yew Tee GRC,Hany Soh,with added amenities are being carried out timely i have on many numerous occasions spoken
24-Apr-25,https://www.youtube.com/watch?v=Q_8CkF9ZiFc,PAP,Marsiling - Yew Tee GRC,Hany Soh,introductions of shared parental leave to launching our new bus 967 earlier
24-Apr-25,https://www.youtube.com/watch?v=Q_8CkF9ZiFc,PAP,Marsiling - Yew Tee GRC,Hany Soh,this year connecting all of us here to join us here this
24-Apr-25,https://www.youtube.com/watch?v=Q_8CkF9ZiFc,PAP,Marsiling - Yew Tee GRC,Hany Soh,evening to Wulen Stadium over the years many of you have
24-Apr-25,https://www.youtube.com/watch?v=Q_8CkF9ZiFc,PAP,Marsiling - Yew Tee GRC,Hany Soh,become my friends my comrades working with me on the ground
24-Apr-25,https://www.youtube.com/watch?v=Q_8CkF9ZiFc,PAP,Marsiling - Yew Tee GRC,Hany Soh,hand in hand together to support me and to serve our residents
24-Apr-25,https://www.youtube.com/watch?v=Q_8CkF9ZiFc,PAP,Marsiling - Yew Tee GRC,Hany Soh,together i cherish all of your trust with great humility
24-Apr-25,https://www.youtube.com/watch?v=Q_8CkF9ZiFc,PAP,Marsiling - Yew Tee GRC,Hany Soh,into actions and co-created an active and vibrant community in Woodrow we are
24-Apr-25,https://www.youtube.com/watch?v=Q_8CkF9ZiFc,PAP,Marsiling - Yew Tee GRC,Hany Soh,stronger together this election is never just about me but
24-Apr-25,https://www.youtube.com/watch?v=Q_8CkF9ZiFc,PAP,Marsiling - Yew Tee GRC,Hany Soh,about you and about us together in Marling UT in
24-Apr-25,https://www.youtube.com/watch?v=Q_8CkF9ZiFc,PAP,Marsiling - Yew Tee GRC,Hany Soh,Singapore you will ask me what will the next five years be in
24-Apr-25,https://www.youtube.com/watch?v=Q_8CkF9ZiFc,PAP,Marsiling - Yew Tee GRC,Hany Soh,Woodrow with me and with the PAP to the aspiring parents to be and
24-Apr-25,https://www.youtube.com/watch?v=Q_8CkF9ZiFc,PAP,Marsiling - Yew Tee GRC,Hany Soh,the families with young children i said I will continue to be your strong ally
24-Apr-25,https://www.youtube.com/watch?v=Q_8CkF9ZiFc,PAP,Marsiling - Yew Tee GRC,Hany Soh,and create a wood group that is made for
24-Apr-25,https://www.youtube.com/watch?v=Q_8CkF9ZiFc,PAP,Marsiling - Yew Tee GRC,Hany Soh,families through our seniors i say lifts will be installed at overhead
24-Apr-25,https://www.youtube.com/watch?v=Q_8CkF9ZiFc,PAP,Marsiling - Yew Tee GRC,Hany Soh,bridges to allow you to travel across to places such as Marling Mall and Woodland
24-Apr-25,https://www.youtube.com/watch?v=Q_8CkF9ZiFc,PAP,Marsiling - Yew Tee GRC,Hany Soh,Stadium
24-Apr-25,https://www.youtube.com/watch?v=Q_8CkF9ZiFc,PAP,Marsiling - Yew Tee GRC,Hany Soh,and I promise you to better equip you to stay active happy and healthy to enjoy
24-Apr-25,https://www.youtube.com/watch?v=Q_8CkF9ZiFc,PAP,Marsiling - Yew Tee GRC,Hany Soh,your golden years to the youth I say I hear
24-Apr-25,https://www.youtube.com/watch?v=Q_8CkF9ZiFc,PAP,Marsiling - Yew Tee GRC,Hany Soh,life come join me and we will fulfill our hopes and our aspirations of making
24-Apr-25,https://www.youtube.com/watch?v=Q_8CkF9ZiFc,PAP,Marsiling - Yew Tee GRC,Hany Soh,Singapore in making Marlin a home for you for me and for all of us
24-Apr-25,https://www.youtube.com/watch?v=Q_8CkF9ZiFc,PAP,Marsiling - Yew Tee GRC,Hany Soh,[Applause] here to my dearest Woodrow residents I
24-Apr-25,https://www.youtube.com/watch?v=Q_8CkF9ZiFc,PAP,Marsiling - Yew Tee GRC,Hany Soh,say our journey is an unfinished one with your continued support as your PAP
24-Apr-25,https://www.youtube.com/watch?v=Q_8CkF9ZiFc,PAP,Marsiling - Yew Tee GRC,Hany Soh,candidate if elected I pledge to remain your voice in the
24-Apr-25,https://www.youtube.com/watch?v=Q_8CkF9ZiFc,PAP,Marsiling - Yew Tee GRC,Hany Soh,parliament be your ally in tough times and be your partner in celebrating
24-Apr-25,https://www.youtube.com/watch?v=Q_8CkF9ZiFc,PAP,Marsiling - Yew Tee GRC,Hany Soh,moments of joy together we can build on our progress and bring the plans we have
24-Apr-25,https://www.youtube.com/watch?v=Q_8CkF9ZiFc,PAP,Marsiling - Yew Tee GRC,Hany Soh,co-created to life in the months and years ahead from estate upgrading to
24-Apr-25,https://www.youtube.com/watch?v=Q_8CkF9ZiFc,PAP,Marsiling - Yew Tee GRC,Hany Soh,improving your connectivity and provision of better infrastructures and amenities so let us all stay united keep
24-Apr-25,https://www.youtube.com/watch?v=Q_8CkF9ZiFc,PAP,Marsiling - Yew Tee GRC,Hany Soh,moving forward confidently and optimistically please give me the honor
24-Apr-25,https://www.youtube.com/watch?v=Q_8CkF9ZiFc,PAP,Marsiling - Yew Tee GRC,Hany Soh,of serving you again [Applause]
24-Apr-25,https://www.youtube.com/watch?v=Q_8CkF9ZiFc,PAP,Marsiling - Yew Tee GRC,Hany Soh,let's shape a future we can all be proud of in wood growth in massing
24-Apr-25,https://www.youtube.com/watch?v=Q_8CkF9ZiFc,PAP,Marsiling - Yew Tee GRC,Hany Soh,UTGRC in Singapore majura Singapura Majula P thank you everyone
24-Apr-25,https://www.youtube.com/watch?v=Q_8CkF9ZiFc,PAP,Sembawang West SMC,Po Li Shan,dear residents of Sbang West residents of Sangong
24-Apr-25,https://www.youtube.com/watch?v=Q_8CkF9ZiFc,PAP,Sembawang West SMC,Po Li Shan,GRC residents of Marley UT and all our friends from Singapore
24-Apr-25,https://www.youtube.com/watch?v=Q_8CkF9ZiFc,PAP,Sembawang West SMC,Po Li Shan,very good evening to all of you
24-Apr-25,https://www.youtube.com/watch?v=Q_8CkF9ZiFc,PAP,Sembawang West SMC,Po Li Shan,a dependable leader a committed voice a dedicated champion for your
24-Apr-25,https://www.youtube.com/watch?v=Q_8CkF9ZiFc,PAP,Sembawang West SMC,Po Li Shan,concerns this is the kind of person who you want to be in parliament who deserve
24-Apr-25,https://www.youtube.com/watch?v=Q_8CkF9ZiFc,PAP,Sembawang West SMC,Po Li Shan,who you deserve to be in parliament and this is the kind of person who I have strove to be in the
24-Apr-25,https://www.youtube.com/watch?v=Q_8CkF9ZiFc,PAP,Sembawang West SMC,Po Li Shan,last five years and I want to continue to
24-Apr-25,https://www.youtube.com/watch?v=Q_8CkF9ZiFc,PAP,Sembawang West SMC,Po Li Shan,be in chapter 2 for Sambang
24-Apr-25,https://www.youtube.com/watch?v=Q_8CkF9ZiFc,PAP,Sembawang West SMC,Po Li Shan,[Applause] West for the past five years I've walked
24-Apr-25,https://www.youtube.com/watch?v=Q_8CkF9ZiFc,PAP,Sembawang West SMC,Po Li Shan,with you i've listened to you i have brought your voices to parliament i
24-Apr-25,https://www.youtube.com/watch?v=Q_8CkF9ZiFc,PAP,Sembawang West SMC,Po Li Shan,fought for the issues that matter for you most from upgrading infrastructure
24-Apr-25,https://www.youtube.com/watch?v=Q_8CkF9ZiFc,PAP,Sembawang West SMC,Po Li Shan,to improve public health care to supporting
24-Apr-25,https://www.youtube.com/watch?v=Q_8CkF9ZiFc,PAP,Sembawang West SMC,Po Li Shan,seniors to creating more opportunities for our young people
24-Apr-25,https://www.youtube.com/watch?v=Q_8CkF9ZiFc,PAP,Sembawang West SMC,Po Li Shan,chapter one was about listening to all your feedback hitting the ground running
24-Apr-25,https://www.youtube.com/watch?v=Q_8CkF9ZiFc,PAP,Sembawang West SMC,Po Li Shan,laying the foundation with many improvements and that was only in
24-Apr-25,https://www.youtube.com/watch?v=Q_8CkF9ZiFc,PAP,Sembawang West SMC,Po Li Shan,chapter one chapter two is about building on
24-Apr-25,https://www.youtube.com/watch?v=Q_8CkF9ZiFc,PAP,Sembawang West SMC,Po Li Shan,that momentum together what you're voting for in this
24-Apr-25,https://www.youtube.com/watch?v=Q_8CkF9ZiFc,PAP,Sembawang West SMC,Po Li Shan,GE is for chapter two and we have made real progress
24-Apr-25,https://www.youtube.com/watch?v=Q_8CkF9ZiFc,PAP,Sembawang West SMC,Po Li Shan,"together i have met and assisted more than 10,000 residents over the past five"
24-Apr-25,https://www.youtube.com/watch?v=Q_8CkF9ZiFc,PAP,Sembawang West SMC,Po Li Shan,years we have held more than 500 community events and more than 140
24-Apr-25,https://www.youtube.com/watch?v=Q_8CkF9ZiFc,PAP,Sembawang West SMC,Po Li Shan,events for our seniors we started 16 sports clubs and
24-Apr-25,https://www.youtube.com/watch?v=Q_8CkF9ZiFc,PAP,Sembawang West SMC,Po Li Shan,also more than 30 weekly exercise programs
24-Apr-25,https://www.youtube.com/watch?v=Q_8CkF9ZiFc,PAP,Sembawang West SMC,Po Li Shan,we have planted close to 100 trees organized sustainability programs
24-Apr-25,https://www.youtube.com/watch?v=Q_8CkF9ZiFc,PAP,Sembawang West SMC,Po Li Shan,including recycling drives and also distribution of rescue foods and
24-Apr-25,https://www.youtube.com/watch?v=Q_8CkF9ZiFc,PAP,Sembawang West SMC,Po Li Shan,vegetables we have implemented project Robbakia reducing deni cases from more
24-Apr-25,https://www.youtube.com/watch?v=Q_8CkF9ZiFc,PAP,Sembawang West SMC,Po Li Shan,than a few hundreds in 2022 to almost zero today
24-Apr-25,https://www.youtube.com/watch?v=Q_8CkF9ZiFc,PAP,Sembawang West SMC,Po Li Shan,[Music] and we've built And we've built dedicated cycling
24-Apr-25,https://www.youtube.com/watch?v=Q_8CkF9ZiFc,PAP,Sembawang West SMC,Po Li Shan,paths along Woodlands Avenue 9 and now around Woodland Circle to keep our
24-Apr-25,https://www.youtube.com/watch?v=Q_8CkF9ZiFc,PAP,Sembawang West SMC,Po Li Shan,pedestrians safe these are just some of the examples of improvements we have
24-Apr-25,https://www.youtube.com/watch?v=Q_8CkF9ZiFc,PAP,Sembawang West SMC,Po Li Shan,made sambawang is now much more vibrant safer and more connected
24-Apr-25,https://www.youtube.com/watch?v=Q_8CkF9ZiFc,PAP,Sembawang West SMC,Po Li Shan,but there is still more work to be done my focus moving forward is
24-Apr-25,https://www.youtube.com/watch?v=Q_8CkF9ZiFc,PAP,Sembawang West SMC,Po Li Shan,clear one renewing and upgrading our homes that's coming to 30 years old and
24-Apr-25,https://www.youtube.com/watch?v=Q_8CkF9ZiFc,PAP,Sembawang West SMC,Po Li Shan,our shared spaces to enhancing our support for our seniors
24-Apr-25,https://www.youtube.com/watch?v=Q_8CkF9ZiFc,PAP,Sembawang West SMC,Po Li Shan,including opening two new senior activity centers soon that's closer to
24-Apr-25,https://www.youtube.com/watch?v=Q_8CkF9ZiFc,PAP,Sembawang West SMC,Po Li Shan,your homes three expanding outdoor programs for our
24-Apr-25,https://www.youtube.com/watch?v=Q_8CkF9ZiFc,PAP,Sembawang West SMC,Po Li Shan,young children our youth so that we can engage them more
24-Apr-25,https://www.youtube.com/watch?v=Q_8CkF9ZiFc,PAP,Sembawang West SMC,Po Li Shan,meaningfully and also keep them away from screen time and
24-Apr-25,https://www.youtube.com/watch?v=Q_8CkF9ZiFc,PAP,Sembawang West SMC,Po Li Shan,four strengthening our mental wellness for our residents across the
24-Apr-25,https://www.youtube.com/watch?v=Q_8CkF9ZiFc,PAP,Sembawang West SMC,Po Li Shan,community and of course we continue to make Sbang West a caring and healthy
24-Apr-25,https://www.youtube.com/watch?v=Q_8CkF9ZiFc,PAP,Sembawang West SMC,Po Li Shan,community and a safe and also green neighborhood for
24-Apr-25,https://www.youtube.com/watch?v=Q_8CkF9ZiFc,PAP,Sembawang West SMC,Po Li Shan,everyone
24-Apr-25,https://www.youtube.com/watch?v=Q_8CkF9ZiFc,PAP,Sembawang West SMC,Po Li Shan,my dear Singaporeans this upcoming election is
24-Apr-25,https://www.youtube.com/watch?v=Q_8CkF9ZiFc,PAP,Sembawang West SMC,Po Li Shan,happening at a critical moment the world is changing this global
24-Apr-25,https://www.youtube.com/watch?v=Q_8CkF9ZiFc,PAP,Sembawang West SMC,Po Li Shan,uncertainty potential recession potential increasing
24-Apr-25,https://www.youtube.com/watch?v=Q_8CkF9ZiFc,PAP,Sembawang West SMC,Po Li Shan,unemployment and these are all serious concerns and challenges for Singapore
24-Apr-25,https://www.youtube.com/watch?v=Q_8CkF9ZiFc,PAP,Sembawang West SMC,Po Li Shan,some say now is not the time for experiment now is the time to play it
24-Apr-25,https://www.youtube.com/watch?v=Q_8CkF9ZiFc,PAP,Sembawang West SMC,Po Li Shan,safe but I say now is a time where we need to have bold ideas and now is the
24-Apr-25,https://www.youtube.com/watch?v=Q_8CkF9ZiFc,PAP,Sembawang West SMC,Po Li Shan,time for us to take risks because as a small country like Singapore this is the
24-Apr-25,https://www.youtube.com/watch?v=Q_8CkF9ZiFc,PAP,Sembawang West SMC,Po Li Shan,way and only way that we can overcome this looming crisis ahead of us
24-Apr-25,https://www.youtube.com/watch?v=Q_8CkF9ZiFc,PAP,Sembawang West SMC,Po Li Shan,[Applause] but this must be done by a team that has
24-Apr-25,https://www.youtube.com/watch?v=Q_8CkF9ZiFc,PAP,Sembawang West SMC,Po Li Shan,done it before and a team that has the best interest of our Singaporeans at
24-Apr-25,https://www.youtube.com/watch?v=Q_8CkF9ZiFc,PAP,Sembawang West SMC,Po Li Shan,heart not just reckless populists the PAP
24-Apr-25,https://www.youtube.com/watch?v=Q_8CkF9ZiFc,PAP,Sembawang West SMC,Po Li Shan,government has time and again taken big risks in our history so as to secure the
24-Apr-25,https://www.youtube.com/watch?v=Q_8CkF9ZiFc,PAP,Sembawang West SMC,Po Li Shan,peace and prosperity of Singaporeans and each time we have
24-Apr-25,https://www.youtube.com/watch?v=Q_8CkF9ZiFc,PAP,Sembawang West SMC,Po Li Shan,imaged better and stronger we have seen this in 1965 we
24-Apr-25,https://www.youtube.com/watch?v=Q_8CkF9ZiFc,PAP,Sembawang West SMC,Po Li Shan,have seen this in 1997 we've seen this in 2003 we've seen this in
24-Apr-25,https://www.youtube.com/watch?v=Q_8CkF9ZiFc,PAP,Sembawang West SMC,Po Li Shan,2008 and of course we've seen it all together in the recent COVID pandemic
24-Apr-25,https://www.youtube.com/watch?v=Q_8CkF9ZiFc,PAP,Sembawang West SMC,Po Li Shan,[Applause] my opponent and his party may offer bold
24-Apr-25,https://www.youtube.com/watch?v=Q_8CkF9ZiFc,PAP,Sembawang West SMC,Po Li Shan,promises such as reducing GST to 5%
24-Apr-25,https://www.youtube.com/watch?v=Q_8CkF9ZiFc,PAP,Sembawang West SMC,Po Li Shan,introducing minimum wage and calling for
24-Apr-25,https://www.youtube.com/watch?v=Q_8CkF9ZiFc,PAP,Sembawang West SMC,Po Li Shan,reducing foreign PMEs sharply but they don't explain how these
24-Apr-25,https://www.youtube.com/watch?v=Q_8CkF9ZiFc,PAP,Sembawang West SMC,Po Li Shan,proposals can be funded who would pay for this and more
24-Apr-25,https://www.youtube.com/watch?v=Q_8CkF9ZiFc,PAP,Sembawang West SMC,Po Li Shan,importantly what would be the long-term impact on our economy and our
24-Apr-25,https://www.youtube.com/watch?v=Q_8CkF9ZiFc,PAP,Sembawang West SMC,Po Li Shan,jobs let's be honest money don't fall from the sky
24-Apr-25,https://www.youtube.com/watch?v=Q_8CkF9ZiFc,PAP,Sembawang West SMC,Po Li Shan,[Applause] reducing GST without an alternative source of revenue would just
24-Apr-25,https://www.youtube.com/watch?v=Q_8CkF9ZiFc,PAP,Sembawang West SMC,Po Li Shan,mean we have to raise taxes from elsewhere
24-Apr-25,https://www.youtube.com/watch?v=Q_8CkF9ZiFc,PAP,Sembawang West SMC,Po Li Shan,today 50% of Singaporeans do not pay income
24-Apr-25,https://www.youtube.com/watch?v=Q_8CkF9ZiFc,PAP,Sembawang West SMC,Po Li Shan,tax so if we have to reduce GST to
24-Apr-25,https://www.youtube.com/watch?v=Q_8CkF9ZiFc,PAP,Sembawang West SMC,Po Li Shan,5% that means our residents would have to pay more income taxes is this what
24-Apr-25,https://www.youtube.com/watch?v=Q_8CkF9ZiFc,PAP,Sembawang West SMC,Po Li Shan,you want [Applause]
24-Apr-25,https://www.youtube.com/watch?v=Q_8CkF9ZiFc,PAP,Sembawang West SMC,Po Li Shan,[Music] clearly we need practical we need
24-Apr-25,https://www.youtube.com/watch?v=Q_8CkF9ZiFc,PAP,Sembawang West SMC,Po Li Shan,balanced we need wellthoughtout policies to run this country
24-Apr-25,https://www.youtube.com/watch?v=Q_8CkF9ZiFc,PAP,Sembawang West SMC,Po Li Shan,well not populist sound bites
24-Apr-25,https://www.youtube.com/watch?v=Q_8CkF9ZiFc,PAP,Sembawang West SMC,Po Li Shan,as your MP my commitment has always been to speak up for you to act in your best
24-Apr-25,https://www.youtube.com/watch?v=Q_8CkF9ZiFc,PAP,Sembawang West SMC,Po Li Shan,interest and also to deliver on what I had promised not just during campaign season
24-Apr-25,https://www.youtube.com/watch?v=Q_8CkF9ZiFc,PAP,Sembawang West SMC,Po Li Shan,but every
24-Apr-25,https://www.youtube.com/watch?v=Q_8CkF9ZiFc,PAP,Sembawang West SMC,Po Li Shan,day and I'm proud to have the support and infrastructure of all people actions
24-Apr-25,https://www.youtube.com/watch?v=Q_8CkF9ZiFc,PAP,Sembawang West SMC,Po Li Shan,party which gives me the ability to turn plans into real action on ground for
24-Apr-25,https://www.youtube.com/watch?v=Q_8CkF9ZiFc,PAP,Sembawang West SMC,Po Li Shan,Sambawang West chapter 2 is not just about
24-Apr-25,https://www.youtube.com/watch?v=Q_8CkF9ZiFc,PAP,Sembawang West SMC,Po Li Shan,continuing what we have done but it's about dreaming bigger it's about
24-Apr-25,https://www.youtube.com/watch?v=Q_8CkF9ZiFc,PAP,Sembawang West SMC,Po Li Shan,reaching higher and making lives better for every
24-Apr-25,https://www.youtube.com/watch?v=Q_8CkF9ZiFc,PAP,Sembawang West SMC,Po Li Shan,resident on 3rd May i humbly ask for your support and
24-Apr-25,https://www.youtube.com/watch?v=Q_8CkF9ZiFc,PAP,Sembawang West SMC,Po Li Shan,your mandate is not just for me it's for the future we are building together
24-Apr-25,https://www.youtube.com/watch?v=Q_8CkF9ZiFc,PAP,Sembawang West SMC,Po Li Shan,let's keep Sawang West moving forward let's continue on this journey
24-Apr-25,https://www.youtube.com/watch?v=Q_8CkF9ZiFc,PAP,Sembawang West SMC,Po Li Shan,together as a community as a family and let's continue to build some West like
24-Apr-25,https://www.youtube.com/watch?v=Q_8CkF9ZiFc,PAP,Sembawang West SMC,Po Li Shan,the Singapore that we are building together
24-Apr-25,https://www.youtube.com/watch?v=Q_8CkF9ZiFc,PAP,Sembawang West SMC,Po Li Shan,[Music] [Applause] with your support let's write the chapter two of Sambawang West
24-Apr-25,https://www.youtube.com/watch?v=Q_8CkF9ZiFc,PAP,Sembawang West SMC,Po Li Shan,together thank you majula Sambang West Majula Pip and Majula Singapura
24-Apr-25,https://www.youtube.com/watch?v=Q_8CkF9ZiFc,PAP,Marsiling - Yew Tee GRC,Alex Yam,good evening everyone good evening friends of mingling
24-Apr-25,https://www.youtube.com/watch?v=Q_8CkF9ZiFc,PAP,Marsiling - Yew Tee GRC,Alex Yam,UT Sambawang West and Sambawang
24-Apr-25,https://www.youtube.com/watch?v=Q_8CkF9ZiFc,PAP,Marsiling - Yew Tee GRC,Alex Yam,GRC let me first begin in
24-Apr-25,https://www.youtube.com/watch?v=Q_8CkF9ZiFc,PAP,Marsiling - Yew Tee GRC,Alex Yam,Mandrin
24-Apr-25,https://www.youtube.com/watch?v=Q_8CkF9ZiFc,PAP,Marsiling - Yew Tee GRC,Alex Yam,So dear residents and friends once again a good evening to all of you
24-Apr-25,https://www.youtube.com/watch?v=Q_8CkF9ZiFc,PAP,Marsiling - Yew Tee GRC,Alex Yam,yesterday at the nomination center we had an interesting exchange with a
24-Apr-25,https://www.youtube.com/watch?v=Q_8CkF9ZiFc,PAP,Marsiling - Yew Tee GRC,Alex Yam,candidate from the opposition after all the formalities were over he turned to us and he said
24-Apr-25,https://www.youtube.com/watch?v=Q_8CkF9ZiFc,PAP,Marsiling - Yew Tee GRC,Alex Yam,"and I paraphrase ""Look we are not here to rock the boat the government has done"
24-Apr-25,https://www.youtube.com/watch?v=Q_8CkF9ZiFc,PAP,Marsiling - Yew Tee GRC,Alex Yam,good work we are just standing for
24-Apr-25,https://www.youtube.com/watch?v=Q_8CkF9ZiFc,PAP,Marsiling - Yew Tee GRC,Alex Yam,"democracy."" Now I appreciate his honesty it was a respectful exchange it was a"
24-Apr-25,https://www.youtube.com/watch?v=Q_8CkF9ZiFc,PAP,Marsiling - Yew Tee GRC,Alex Yam,decent exchange but it reminded me of something really important because
24-Apr-25,https://www.youtube.com/watch?v=Q_8CkF9ZiFc,PAP,Marsiling - Yew Tee GRC,Alex Yam,democracy is important but democracy is not just the right to stand for election
24-Apr-25,https://www.youtube.com/watch?v=Q_8CkF9ZiFc,PAP,Marsiling - Yew Tee GRC,Alex Yam,[Applause] so let us be clear anyone can ho up a
24-Apr-25,https://www.youtube.com/watch?v=Q_8CkF9ZiFc,PAP,Marsiling - Yew Tee GRC,Alex Yam,plaqueard and say I am here for democracy but building homes fighting
24-Apr-25,https://www.youtube.com/watch?v=Q_8CkF9ZiFc,PAP,Marsiling - Yew Tee GRC,Alex Yam,inflation creating jobs caring for the vulnerable ensuring that our children
24-Apr-25,https://www.youtube.com/watch?v=Q_8CkF9ZiFc,PAP,Marsiling - Yew Tee GRC,Alex Yam,have a future worth dreaming for that is the real work of democracy not the
24-Apr-25,https://www.youtube.com/watch?v=Q_8CkF9ZiFc,PAP,Marsiling - Yew Tee GRC,Alex Yam,slogans but the substance [Applause]
24-Apr-25,https://www.youtube.com/watch?v=Q_8CkF9ZiFc,PAP,Marsiling - Yew Tee GRC,Alex Yam,and so my friends this is what our team is for to
24-Apr-25,https://www.youtube.com/watch?v=Q_8CkF9ZiFc,PAP,Marsiling - Yew Tee GRC,Alex Yam,stand for democracy and yet deliver results for
24-Apr-25,https://www.youtube.com/watch?v=Q_8CkF9ZiFc,PAP,Marsiling - Yew Tee GRC,Alex Yam,[Applause] Singaporeans and so here in Marling Yuki
24-Apr-25,https://www.youtube.com/watch?v=Q_8CkF9ZiFc,PAP,Marsiling - Yew Tee GRC,Alex Yam,we have delivered tangible progress you can see it with your own eyes
24-Apr-25,https://www.youtube.com/watch?v=Q_8CkF9ZiFc,PAP,Marsiling - Yew Tee GRC,Alex Yam,everywhere around us improvements in Sambawang West in Sambawang GRC as
24-Apr-25,https://www.youtube.com/watch?v=Q_8CkF9ZiFc,PAP,Marsiling - Yew Tee GRC,Alex Yam,well and that is our commitment to you because they are not just fleshy ideas
24-Apr-25,https://www.youtube.com/watch?v=Q_8CkF9ZiFc,PAP,Marsiling - Yew Tee GRC,Alex Yam,these are things that matter to you so I say this to you once again vote for a
24-Apr-25,https://www.youtube.com/watch?v=Q_8CkF9ZiFc,PAP,Marsiling - Yew Tee GRC,Alex Yam,responsible government vote for the people who will care for you and uphold
24-Apr-25,https://www.youtube.com/watch?v=Q_8CkF9ZiFc,PAP,Marsiling - Yew Tee GRC,Alex Yam,the democratic system in Singapore and that is the PA
24-Apr-25,https://www.youtube.com/watch?v=Q_8CkF9ZiFc,PAP,Marsiling - Yew Tee GRC,Alex Yam,[Music] thank you vote for the PAP p
24-Apr-25,https://www.youtube.com/watch?v=Q_8CkF9ZiFc,PAP,Marsiling - Yew Tee GRC,Zaqy Muhammed,a very good evening masling you [Applause] day thank you for joining us this
24-Apr-25,https://www.youtube.com/watch?v=Q_8CkF9ZiFc,PAP,Marsiling - Yew Tee GRC,Zaqy Muhammed,evening
24-Apr-25,https://www.youtube.com/watch?v=Q_8CkF9ZiFc,PAP,Marsiling - Yew Tee GRC,Zaqy Muhammed,pip i feel truly privileged to stand before you once again as your candidate
24-Apr-25,https://www.youtube.com/watch?v=Q_8CkF9ZiFc,PAP,Marsiling - Yew Tee GRC,Zaqy Muhammed,for Ming UTGRC together with Prime Minister Lawrence Wong Mayor Alexam and Miss His
24-Apr-25,https://www.youtube.com/watch?v=Q_8CkF9ZiFc,PAP,Marsiling - Yew Tee GRC,Zaqy Muhammed,So it's been a privilege to serve you since 2017 i thank residents for giving
24-Apr-25,https://www.youtube.com/watch?v=Q_8CkF9ZiFc,PAP,Marsiling - Yew Tee GRC,Zaqy Muhammed,me the opportunity to serve you all these years i've learned a lot speaking
24-Apr-25,https://www.youtube.com/watch?v=Q_8CkF9ZiFc,PAP,Marsiling - Yew Tee GRC,Zaqy Muhammed,to all of you at my MPS at house visits events on email even social media
24-Apr-25,https://www.youtube.com/watch?v=Q_8CkF9ZiFc,PAP,Marsiling - Yew Tee GRC,Zaqy Muhammed,listening to how we can improve our environment and your concerns on national issues and policy concerns as
24-Apr-25,https://www.youtube.com/watch?v=Q_8CkF9ZiFc,PAP,Marsiling - Yew Tee GRC,Zaqy Muhammed,"Singaporeans eight years feels like a long time when I first came to Marling people would tell me ""Zaki Marling feels"
24-Apr-25,https://www.youtube.com/watch?v=Q_8CkF9ZiFc,PAP,Marsiling - Yew Tee GRC,Zaqy Muhammed,"run down as much of the estate has been around for 40 50 years."" Yes we are a mature estate"
24-Apr-25,https://www.youtube.com/watch?v=Q_8CkF9ZiFc,PAP,Marsiling - Yew Tee GRC,Zaqy Muhammed,almost 50 years of it but I've always believed in this why not make a model of
24-Apr-25,https://www.youtube.com/watch?v=Q_8CkF9ZiFc,PAP,Marsiling - Yew Tee GRC,Zaqy Muhammed,how a mature estate can be young [Applause]
24-Apr-25,https://www.youtube.com/watch?v=Q_8CkF9ZiFc,PAP,Marsiling - Yew Tee GRC,Zaqy Muhammed,again and so we got to work in the last 5 years we've upgraded 34 amenities and
24-Apr-25,https://www.youtube.com/watch?v=Q_8CkF9ZiFc,PAP,Marsiling - Yew Tee GRC,Zaqy Muhammed,built 19 linguays and shelters across Musceling and we are not done in the
24-Apr-25,https://www.youtube.com/watch?v=Q_8CkF9ZiFc,PAP,Marsiling - Yew Tee GRC,Zaqy Muhammed,next three years we have an ambitious plan to further rejuvenate Musling we
24-Apr-25,https://www.youtube.com/watch?v=Q_8CkF9ZiFc,PAP,Marsiling - Yew Tee GRC,Zaqy Muhammed,will complete another 11 high new lingways and 24 new amenities new
24-Apr-25,https://www.youtube.com/watch?v=Q_8CkF9ZiFc,PAP,Marsiling - Yew Tee GRC,Zaqy Muhammed,playgrounds new fitness corners drop off shelters and 18 kilome cycling path
24-Apr-25,https://www.youtube.com/watch?v=Q_8CkF9ZiFc,PAP,Marsiling - Yew Tee GRC,Zaqy Muhammed,[Applause] [Music]
24-Apr-25,https://www.youtube.com/watch?v=Q_8CkF9ZiFc,PAP,Marsiling - Yew Tee GRC,Zaqy Muhammed,a cycling path that links Marley Woodrow Sambawang West and Sambawang we are all
24-Apr-25,https://www.youtube.com/watch?v=Q_8CkF9ZiFc,PAP,Marsiling - Yew Tee GRC,Zaqy Muhammed,connected
24-Apr-25,https://www.youtube.com/watch?v=Q_8CkF9ZiFc,PAP,Marsiling - Yew Tee GRC,Zaqy Muhammed,well of course sadly we will say goodbye to the old Mling CC which has served us for 40 years
24-Apr-25,https://www.youtube.com/watch?v=Q_8CkF9ZiFc,PAP,Marsiling - Yew Tee GRC,Zaqy Muhammed,but next year with the new Mling CC will open next door next to our upgraded
24-Apr-25,https://www.youtube.com/watch?v=Q_8CkF9ZiFc,PAP,Marsiling - Yew Tee GRC,Zaqy Muhammed,hawker center and wet market it will be the heart of our community to breathe new life into the masling
24-Apr-25,https://www.youtube.com/watch?v=Q_8CkF9ZiFc,PAP,Marsiling - Yew Tee GRC,Zaqy Muhammed,[Applause] heartland over the last few months residents have also come up to me to say
24-Apr-25,https://www.youtube.com/watch?v=Q_8CkF9ZiFc,PAP,Marsiling - Yew Tee GRC,Zaqy Muhammed,that they can see the transformations including challenging projects that we thought could not be done before such as the lift upgrading
24-Apr-25,https://www.youtube.com/watch?v=Q_8CkF9ZiFc,PAP,Marsiling - Yew Tee GRC,Zaqy Muhammed,program and connections to our new BTOs some of the more challenging areas
24-Apr-25,https://www.youtube.com/watch?v=Q_8CkF9ZiFc,PAP,Marsiling - Yew Tee GRC,Zaqy Muhammed,of masking have also seen transformation such as our old rental flats many of us are familiar with blocks three and four
24-Apr-25,https://www.youtube.com/watch?v=Q_8CkF9ZiFc,PAP,Marsiling - Yew Tee GRC,Zaqy Muhammed,well-known rental flats that are about 50 years old today they have exteriors that are refurbished with colorful
24-Apr-25,https://www.youtube.com/watch?v=Q_8CkF9ZiFc,PAP,Marsiling - Yew Tee GRC,Zaqy Muhammed,murals new multi-purpose hall linked to a new sky bridge with a lift for accessibility to get to the wet market
24-Apr-25,https://www.youtube.com/watch?v=Q_8CkF9ZiFc,PAP,Marsiling - Yew Tee GRC,Zaqy Muhammed,and this has been useful to seniors and the less able even the silver zone is up to keep our seniors safe on the road
24-Apr-25,https://www.youtube.com/watch?v=Q_8CkF9ZiFc,PAP,Marsiling - Yew Tee GRC,Zaqy Muhammed,because that's what rejuvenation looks like [Music] [Applause]
24-Apr-25,https://www.youtube.com/watch?v=Q_8CkF9ZiFc,PAP,Marsiling - Yew Tee GRC,Zaqy Muhammed,[Music] but overall residents feel the positive
24-Apr-25,https://www.youtube.com/watch?v=Q_8CkF9ZiFc,PAP,Marsiling - Yew Tee GRC,Zaqy Muhammed,vibes in the north thompson East Coast line has made us more accessible thanks to Ministry of Health and Minister Oni
24-Apr-25,https://www.youtube.com/watch?v=Q_8CkF9ZiFc,PAP,Marsiling - Yew Tee GRC,Zaqy Muhammed,Kong we now have the Woodlands Health
24-Apr-25,https://www.youtube.com/watch?v=Q_8CkF9ZiFc,PAP,Marsiling - Yew Tee GRC,Zaqy Muhammed,Campus Woodlands Poly Clinic is being upgraded and these make healthc care more accessible to all of us for all of
24-Apr-25,https://www.youtube.com/watch?v=Q_8CkF9ZiFc,PAP,Marsiling - Yew Tee GRC,Zaqy Muhammed,us with the RTS coming residents will find
24-Apr-25,https://www.youtube.com/watch?v=Q_8CkF9ZiFc,PAP,Marsiling - Yew Tee GRC,Zaqy Muhammed,it convenient going to JB2 and this will
24-Apr-25,https://www.youtube.com/watch?v=Q_8CkF9ZiFc,PAP,Marsiling - Yew Tee GRC,Zaqy Muhammed,hopefully and this will hopefully bring and reduce jams to the estate but Marling is more than just
24-Apr-25,https://www.youtube.com/watch?v=Q_8CkF9ZiFc,PAP,Marsiling - Yew Tee GRC,Zaqy Muhammed,infrastructure it's about people we've been through thick and thin with you
24-Apr-25,https://www.youtube.com/watch?v=Q_8CkF9ZiFc,PAP,Marsiling - Yew Tee GRC,Zaqy Muhammed,continuing to serve even at the height of the coid9 pandemic we were here to
24-Apr-25,https://www.youtube.com/watch?v=Q_8CkF9ZiFc,PAP,Marsiling - Yew Tee GRC,Zaqy Muhammed,deliver assistance to homes we were here to deliver food and sanitizers when it
24-Apr-25,https://www.youtube.com/watch?v=Q_8CkF9ZiFc,PAP,Marsiling - Yew Tee GRC,Zaqy Muhammed,mattered most we were here to care for the most vulnerable in Marling
24-Apr-25,https://www.youtube.com/watch?v=Q_8CkF9ZiFc,PAP,Marsiling - Yew Tee GRC,Zaqy Muhammed,UT at a national level we all know how Prime Minister Wong and Minister Hong
24-Apr-25,https://www.youtube.com/watch?v=Q_8CkF9ZiFc,PAP,Marsiling - Yew Tee GRC,Zaqy Muhammed,both had major roles in COVID 19 task force to keep Singapore safe in M and
24-Apr-25,https://www.youtube.com/watch?v=Q_8CkF9ZiFc,PAP,Marsiling - Yew Tee GRC,Zaqy Muhammed,Mindv where I serve we work to help keep jobs secure keep our workplaces safe and
24-Apr-25,https://www.youtube.com/watch?v=Q_8CkF9ZiFc,PAP,Marsiling - Yew Tee GRC,Zaqy Muhammed,also keep essential work moving so that Singapore continues to run we have always stood by you and we stand with
24-Apr-25,https://www.youtube.com/watch?v=Q_8CkF9ZiFc,PAP,Marsiling - Yew Tee GRC,Zaqy Muhammed,you so we know life is not easy whether you're living in a rental flat or
24-Apr-25,https://www.youtube.com/watch?v=Q_8CkF9ZiFc,PAP,Marsiling - Yew Tee GRC,Zaqy Muhammed,whether you're from the sandwich class whether you're raising children or handling elderly with a tight budget or
24-Apr-25,https://www.youtube.com/watch?v=Q_8CkF9ZiFc,PAP,Marsiling - Yew Tee GRC,Zaqy Muhammed,worried about your jobs and that's why here in Marling we live by Marling Cares
24-Apr-25,https://www.youtube.com/watch?v=Q_8CkF9ZiFc,PAP,Marsiling - Yew Tee GRC,Zaqy Muhammed,"helping 2,500 families every month with food aid and dignity and we're not"
24-Apr-25,https://www.youtube.com/watch?v=Q_8CkF9ZiFc,PAP,Marsiling - Yew Tee GRC,Zaqy Muhammed,stopping there through programs like Coming we want to build the next generation we want to give our children
24-Apr-25,https://www.youtube.com/watch?v=Q_8CkF9ZiFc,PAP,Marsiling - Yew Tee GRC,Zaqy Muhammed,opportunities confidence and a head start in life for the next generation of
24-Apr-25,https://www.youtube.com/watch?v=Q_8CkF9ZiFc,PAP,Marsiling - Yew Tee GRC,Zaqy Muhammed,Singaporeans [Music]
24-Apr-25,https://www.youtube.com/watch?v=Q_8CkF9ZiFc,PAP,Marsiling - Yew Tee GRC,Zaqy Muhammed,so just yesterday I was at the Woodlands MRT inviting residents to this rally i met Miss Anissa and she reminded me that
24-Apr-25,https://www.youtube.com/watch?v=Q_8CkF9ZiFc,PAP,Marsiling - Yew Tee GRC,Zaqy Muhammed,we helped her and her family of six siblings and that we visited her home and provided various forms of assistance
24-Apr-25,https://www.youtube.com/watch?v=Q_8CkF9ZiFc,PAP,Marsiling - Yew Tee GRC,Zaqy Muhammed,you can catch on my Instagram or Tik Tok on our rounds yesterday residents like us sometimes share that they didn't
24-Apr-25,https://www.youtube.com/watch?v=Q_8CkF9ZiFc,PAP,Marsiling - Yew Tee GRC,Zaqy Muhammed,think anyone cared but we the Marling UT team want you to know that you are seen
24-Apr-25,https://www.youtube.com/watch?v=Q_8CkF9ZiFc,PAP,Marsiling - Yew Tee GRC,Zaqy Muhammed,and we stand with you
24-Apr-25,https://www.youtube.com/watch?v=Q_8CkF9ZiFc,PAP,Marsiling - Yew Tee GRC,Zaqy Muhammed,[Music] i can see Marling rapidly becoming a
24-Apr-25,https://www.youtube.com/watch?v=Q_8CkF9ZiFc,PAP,Marsiling - Yew Tee GRC,Zaqy Muhammed,neighborhood of choice for many young families in the last few years we've welcomed two new BTO precincts in the
24-Apr-25,https://www.youtube.com/watch?v=Q_8CkF9ZiFc,PAP,Marsiling - Yew Tee GRC,Zaqy Muhammed,next 5 years we welcome seven more so hence our efforts will continue we will
24-Apr-25,https://www.youtube.com/watch?v=Q_8CkF9ZiFc,PAP,Marsiling - Yew Tee GRC,Zaqy Muhammed,adapt our programs for you whether you're young whether you're young at heart whether you're from the vulnerable
24-Apr-25,https://www.youtube.com/watch?v=Q_8CkF9ZiFc,PAP,Marsiling - Yew Tee GRC,Zaqy Muhammed,segment or whether you're better off we will serve you we will support you and
24-Apr-25,https://www.youtube.com/watch?v=Q_8CkF9ZiFc,PAP,Marsiling - Yew Tee GRC,Zaqy Muhammed,we stand with you please vote the PAT for Mastering UT
24-Apr-25,https://www.youtube.com/watch?v=Q_8CkF9ZiFc,PAP,Marsiling - Yew Tee GRC,Zaqy Muhammed,[Applause] [Music]
24-Apr-25,https://www.youtube.com/watch?v=Q_8CkF9ZiFc,PAP,Marsiling - Yew Tee GRC,Zaqy Muhammed,having served through four general elections it feels like a very long time i've seen firsthand how politics
24-Apr-25,https://www.youtube.com/watch?v=Q_8CkF9ZiFc,PAP,Marsiling - Yew Tee GRC,Zaqy Muhammed,can shape a nation for better or worse what keeps me up at night especially
24-Apr-25,https://www.youtube.com/watch?v=Q_8CkF9ZiFc,PAP,Marsiling - Yew Tee GRC,Zaqy Muhammed,during the G is seeing how across the world politics has become a source of
24-Apr-25,https://www.youtube.com/watch?v=Q_8CkF9ZiFc,PAP,Marsiling - Yew Tee GRC,Zaqy Muhammed,division where politics end up splitting societies by racial concerns religious
24-Apr-25,https://www.youtube.com/watch?v=Q_8CkF9ZiFc,PAP,Marsiling - Yew Tee GRC,Zaqy Muhammed,beliefs or single cause issues we have seen this in many parts of the world
24-Apr-25,https://www.youtube.com/watch?v=Q_8CkF9ZiFc,PAP,Marsiling - Yew Tee GRC,Zaqy Muhammed,prolgbt and anti-LGBT proabortion pro-life causes pro Palestine pro-
24-Apr-25,https://www.youtube.com/watch?v=Q_8CkF9ZiFc,PAP,Marsiling - Yew Tee GRC,Zaqy Muhammed,Israel even families and friendships are torn apart just because of
24-Apr-25,https://www.youtube.com/watch?v=Q_8CkF9ZiFc,PAP,Marsiling - Yew Tee GRC,Zaqy Muhammed,politics we all have our belief systems we all have our principles we all also
24-Apr-25,https://www.youtube.com/watch?v=Q_8CkF9ZiFc,PAP,Marsiling - Yew Tee GRC,Zaqy Muhammed,have our personal hurt and grievances as politicians we too face
24-Apr-25,https://www.youtube.com/watch?v=Q_8CkF9ZiFc,PAP,Marsiling - Yew Tee GRC,Zaqy Muhammed,personal conflicts when we have to put national interests first ahead of our own personal grievances and
24-Apr-25,https://www.youtube.com/watch?v=Q_8CkF9ZiFc,PAP,Marsiling - Yew Tee GRC,Zaqy Muhammed,pain but we must never never allow politics to feed into this to create
24-Apr-25,https://www.youtube.com/watch?v=Q_8CkF9ZiFc,PAP,Marsiling - Yew Tee GRC,Zaqy Muhammed,division among our people we have invested years to build peace
24-Apr-25,https://www.youtube.com/watch?v=Q_8CkF9ZiFc,PAP,Marsiling - Yew Tee GRC,Zaqy Muhammed,and stability here in Singapore which very few places in the world can say
24-Apr-25,https://www.youtube.com/watch?v=Q_8CkF9ZiFc,PAP,Marsiling - Yew Tee GRC,Zaqy Muhammed,they have done so divisive politics is not the kind of
24-Apr-25,https://www.youtube.com/watch?v=Q_8CkF9ZiFc,PAP,Marsiling - Yew Tee GRC,Zaqy Muhammed,politics that we want in Singapore and I hope that in this general elections we continue to respect that across all
24-Apr-25,https://www.youtube.com/watch?v=Q_8CkF9ZiFc,PAP,Marsiling - Yew Tee GRC,Zaqy Muhammed,parties that are contesting for nearly 60 years the People's Action
24-Apr-25,https://www.youtube.com/watch?v=Q_8CkF9ZiFc,PAP,Marsiling - Yew Tee GRC,Zaqy Muhammed,Party has upheld one simple powerful principle and that is
24-Apr-25,https://www.youtube.com/watch?v=Q_8CkF9ZiFc,PAP,Marsiling - Yew Tee GRC,Zaqy Muhammed,[Music] [Applause] [Music] unity we stay clear of divisive politics
24-Apr-25,https://www.youtube.com/watch?v=Q_8CkF9ZiFc,PAP,Marsiling - Yew Tee GRC,Zaqy Muhammed,we don't play races one against the other we don't politicize religion
24-Apr-25,https://www.youtube.com/watch?v=Q_8CkF9ZiFc,PAP,Marsiling - Yew Tee GRC,Zaqy Muhammed,because we see how it can be easily exploited we don't exploit causes that
24-Apr-25,https://www.youtube.com/watch?v=Q_8CkF9ZiFc,PAP,Marsiling - Yew Tee GRC,Zaqy Muhammed,put one group against another because we know that once unity is lost it is very
24-Apr-25,https://www.youtube.com/watch?v=Q_8CkF9ZiFc,PAP,Marsiling - Yew Tee GRC,Zaqy Muhammed,hard to get back and that is a serious
24-Apr-25,https://www.youtube.com/watch?v=Q_8CkF9ZiFc,PAP,Marsiling - Yew Tee GRC,Zaqy Muhammed,thing we can have different views we can debate policies we welcome
24-Apr-25,https://www.youtube.com/watch?v=Q_8CkF9ZiFc,PAP,Marsiling - Yew Tee GRC,Zaqy Muhammed,ideas and change but let us never cross that line in politics that divides us as
24-Apr-25,https://www.youtube.com/watch?v=Q_8CkF9ZiFc,PAP,Marsiling - Yew Tee GRC,Zaqy Muhammed,[Applause] Singaporeans the PAP will always stand for politics that brings people together
24-Apr-25,https://www.youtube.com/watch?v=Q_8CkF9ZiFc,PAP,Marsiling - Yew Tee GRC,Zaqy Muhammed,that builds trust cohesion and a common purpose we believe in a one united
24-Apr-25,https://www.youtube.com/watch?v=Q_8CkF9ZiFc,PAP,Marsiling - Yew Tee GRC,Zaqy Muhammed,Singapore not a fragmented one and this is the promise we have upheld since independence and one we will always keep
24-Apr-25,https://www.youtube.com/watch?v=Q_8CkF9ZiFc,PAP,Marsiling - Yew Tee GRC,Zaqy Muhammed,so let us stay united let us protect what we've built over 60 years for our
24-Apr-25,https://www.youtube.com/watch?v=Q_8CkF9ZiFc,PAP,Marsiling - Yew Tee GRC,Zaqy Muhammed,families for future generations
24-Apr-25,https://www.youtube.com/watch?v=Q_8CkF9ZiFc,PAP,Marsiling - Yew Tee GRC,Zaqy Muhammed,[Applause] [Music] in 2015 PM Wong stood as a candidate for PAP limbang Mi was formed tonight a
24-Apr-25,https://www.youtube.com/watch?v=Q_8CkF9ZiFc,PAP,Marsiling - Yew Tee GRC,Zaqy Muhammed,decade on he stands here as prime minister i've worked with PM Wong closely not just in the constituency but
24-Apr-25,https://www.youtube.com/watch?v=Q_8CkF9ZiFc,PAP,Marsiling - Yew Tee GRC,Zaqy Muhammed,also in the cabinet we've seen how capable he is in crisis situations and he has taken us through COVID 19 he
24-Apr-25,https://www.youtube.com/watch?v=Q_8CkF9ZiFc,PAP,Marsiling - Yew Tee GRC,Zaqy Muhammed,works tirelessly while the virus affected our people our economy and our jobs he led our nation during difficult
24-Apr-25,https://www.youtube.com/watch?v=Q_8CkF9ZiFc,PAP,Marsiling - Yew Tee GRC,Zaqy Muhammed,times and can confidently say that he works for you and your future
24-Apr-25,https://www.youtube.com/watch?v=Q_8CkF9ZiFc,PAP,Marsiling - Yew Tee GRC,Zaqy Muhammed,pm Wong is committed to Singapore [Applause]
24-Apr-25,https://www.youtube.com/watch?v=Q_8CkF9ZiFc,PAP,Marsiling - Yew Tee GRC,Zaqy Muhammed,so one thing is clear leadership matters who we choose to lead matter trust
24-Apr-25,https://www.youtube.com/watch?v=Q_8CkF9ZiFc,PAP,Marsiling - Yew Tee GRC,Zaqy Muhammed,matters this election is your chance to choose a team that you can count
24-Apr-25,https://www.youtube.com/watch?v=Q_8CkF9ZiFc,PAP,Marsiling - Yew Tee GRC,Zaqy Muhammed,on a vote for PM Wong in Marling UT is a
24-Apr-25,https://www.youtube.com/watch?v=Q_8CkF9ZiFc,PAP,Marsiling - Yew Tee GRC,Zaqy Muhammed,vote for Singapore [Applause] a vote for PM Wong is a vote for our
24-Apr-25,https://www.youtube.com/watch?v=Q_8CkF9ZiFc,PAP,Marsiling - Yew Tee GRC,Zaqy Muhammed,[Applause] future please allow me to continue our national language
24-Apr-25,https://www.youtube.com/watch?v=Q_8CkF9ZiFc,PAP,Marsiling - Yew Tee GRC,Zaqy Muhammed,i dang
24-Apr-25,https://www.youtube.com/watch?v=Q_8CkF9ZiFc,PAP,Marsiling - Yew Tee GRC,Zaqy Muhammed,RClo Wong committed
24-Apr-25,https://www.youtube.com/watch?v=Q_8CkF9ZiFc,PAP,Marsiling - Yew Tee GRC,Zaqy Muhammed,for
24-Apr-25,https://www.youtube.com/watch?v=Q_8CkF9ZiFc,PAP,Marsiling - Yew Tee GRC,Zaqy Muhammed,Singapore
24-Apr-25,https://www.youtube.com/watch?v=Q_8CkF9ZiFc,PAP,Marsiling - Yew Tee GRC,Zaqy Muhammed,islam Singapore
24-Apr-25,https://www.youtube.com/watch?v=Q_8CkF9ZiFc,PAP,Marsiling - Yew Tee GRC,Zaqy Muhammed,economy
24-Apr-25,https://www.youtube.com/watch?v=Q_8CkF9ZiFc,PAP,Marsiling - Yew Tee GRC,Zaqy Muhammed,islam
24-Apr-25,https://www.youtube.com/watch?v=Q_8CkF9ZiFc,PAP,Marsiling - Yew Tee GRC,Zaqy Muhammed,Singapore
24-Apr-25,https://www.youtube.com/watch?v=Q_8CkF9ZiFc,PAP,Marsiling - Yew Tee GRC,Zaqy Muhammed,for
24-Apr-25,https://www.youtube.com/watch?v=Q_8CkF9ZiFc,PAP,Marsiling - Yew Tee GRC,Zaqy Muhammed,decades
24-Apr-25,https://www.youtube.com/watch?v=Q_8CkF9ZiFc,PAP,Marsiling - Yew Tee GRC,Zaqy Muhammed,for
24-Apr-25,https://www.youtube.com/watch?v=Q_8CkF9ZiFc,PAP,Marsiling - Yew Tee GRC,Zaqy Muhammed,commitment Singapore
24-Apr-25,https://www.youtube.com/watch?v=Q_8CkF9ZiFc,PAP,Marsiling - Yew Tee GRC,Zaqy Muhammed,track
24-Apr-25,https://www.youtube.com/watch?v=Q_8CkF9ZiFc,PAP,Marsiling - Yew Tee GRC,Zaqy Muhammed,recording deep ring GRC9 foreign
24-Apr-25,https://www.youtube.com/watch?v=Q_8CkF9ZiFc,PAP,Marsiling - Yew Tee GRC,Zaqy Muhammed,tariffs
24-Apr-25,https://www.youtube.com/watch?v=Q_8CkF9ZiFc,PAP,Marsiling - Yew Tee GRC,Zaqy Muhammed,for auintil
24-Apr-25,https://www.youtube.com/watch?v=Q_8CkF9ZiFc,PAP,Marsiling - Yew Tee GRC,Zaqy Muhammed,pap Unila PP Madula
24-Apr-25,https://www.youtube.com/watch?v=Q_8CkF9ZiFc,PAP,Marsiling - Yew Tee GRC,Zaqy Muhammed,PAP Madula Singapura [Applause]
